deviation_type,deviation_description,keyword,Answer,Timestamp
  Packaging machine malfunction,Intermittent sealing failure on carton filler – ~50 cartons with weak or open seals.,packaging_sealing,"

To address the intermittent sealing failure on the carton filler:

1. **Check Sealant Application:** 
   - Ensure the glue reservoir is adequately filled and inspect for clogs or misalignment in the nozzles.

2. **Adjust Temperature and Pressure:**
   - Verify that the temperature settings are within specifications and adjust the pressure to ensure even glue application.

If these steps do not resolve the issue, further investigation by maintenance personnel may be required to inspect components like belts or wheels and assess environmental conditions for proper glue curing.",2025.04.04_10:48:44
  Packaging machine malfunction,Label applicator misaligned — ~200 cartons had skewed or missing labels.,packaging_label,"

To address the misalignment causing skewed or missing labels on 200 cartons:

1. **Inspect and Adjust Alignment Guides**: Ensure the label applicator guides are correctly aligned with the carton dimensions to place labels properly.

2. **Clean and Recalibrate Sensors**: Clean sensors to remove debris, then recalibrate them for accurate carton detection, ensuring precise label application.

3. **Test Machine Performance**: Run a test batch after adjustments to confirm correct labeling before resuming full production.

These steps aim to resolve the alignment issue efficiently, preventing further mislabeled cartons.",2025.04.04_10:49:16
pH level,"pH of pasteurized milk measured at 6.2 (specification: 6.6–6.8).
",ph_low,"

**Corrective Actions for Low pH in Pasteurized Milk (6.2)**

1. **Adjust Pasteurization Parameters:**
   - Review and modify pasteurization settings to reduce excessive heat or duration, which may be causing the release of acidic compounds from milk components.

2. **Verify Buffer Usage:**
   - Confirm that the correct buffer type and concentration are being used during processing. Adjust as necessary to maintain pH within specifications.

3. **Enhance Raw Milk Monitoring:**
   - Check incoming raw milk for pH deviations. If low, adjust using appropriate methods before pasteurization to ensure it meets initial quality standards.

These steps aim to address potential causes of low pH, ensuring product quality and safety while maintaining processing efficiency.",2025.04.04_10:49:58
pH level,"Raw milk intake sample showed pH 7.4 (specification: 6.6–6.8).
",ph_high,"

To address the deviation where raw milk showed a pH of 7.4 instead of the expected range of 6.6–6.8, the following corrective actions are proposed:

1. **Investigate Contamination Sources**: 
   - Check for any unintended water or substance contamination in the processing system. Look for leaks, incorrect valve settings, or improper mixing points where water could enter.
   - Review the use and rinsing of cleaning agents to ensure no residues remain in equipment.

2. **Enhance Monitoring and Training**:
   - Implement more frequent pH checks during processing and consider installing sensors for real-time monitoring.
   - Conduct staff training sessions on contamination prevention, emphasizing proper procedures for using cleaning agents and checking for any unintended substances.

These actions aim to prevent future deviations by identifying and mitigating potential sources of contamination and improving operational oversight.",2025.04.04_10:50:33
Fat content,Standardized milk tested at 2.9% fat (label claim: 3.2% ± 0.1%).,fat_low,"

To address the milk fat deviation, where the tested value is 2.9% against a label claim of 3.2% ± 0.1%, the following corrective actions are recommended:

1. **Immediate Adjustment:**
   - Recalibrate all testing equipment to ensure accurate measurements and verify if the current batch's fat content was misrepresented.

2. **Corrective Measures:**
   - Blend the current batch with higher-fat milk or cream to increase the fat percentage back within the 3.1% to 3.3% range.
   - Review supplier quality to confirm consistent fat levels in incoming milk, ensuring future batches meet the required specifications.

These actions will correct the deviation and prevent recurrence by addressing potential issues in measurement accuracy and raw material quality.",2025.04.04_10:51:18
Fat content,Whole milk tested at 4.5% fat (spec: 3.2% ± 0.1%).,fat_high,"

To address the high fat content in whole milk (4.5% instead of 3.2%), two corrective actions are proposed:

1. **Review Raw Milk Source and Processing Steps**: 
   - Investigate whether there was a mix-up with suppliers or herds that resulted in higher-fat milk. Ensure consistency in raw milk sources.
   - Examine the fat standardization process, including logs and equipment calibration, to identify any errors in cream addition.

2. **Verify Fat Content Measurement Accuracy**:
   - Recalibrate testing instruments or send samples to an external lab for confirmation to rule out measurement errors.

These steps aim to correct the current deviation and prevent future occurrences by ensuring both raw material consistency and accurate processing methods.",2025.04.04_10:51:50
Production flow rate,"Milk flow rate increased to 12,000 L/h for 10 minutes (target: 10,000 L/h ± 5%).",flow_high,"

To address the milk flow rate deviation, follow these corrective actions:

1. **Check and Adjust Equipment**:
   - Inspect the pumps and valves to ensure they are functioning correctly.
   - Make adjustments to return the flow rate to the target level of 10,000 L/h.

2. **Calibrate Sensors**:
   - Recalibrate the flow rate sensors to ensure accurate measurements.
   - This step is crucial for maintaining consistent process control and preventing future deviations.

These actions should help restore the milk flow rate within the acceptable range and prevent similar issues in the future.",2025.04.04_10:52:27
Production flow rate,"Flow rate dropped to 6,500 L/h for 20 minutes (target: 10,000 L/h ± 5%).",flow_low,"

To address the flow rate deviation:

1. **Check Valve Position:** Examine the control panel to ensure the valve controlling the flow is fully open. If it's not, manually adjust it within authorized limits or consult a supervisor for further action.

2. **Inspect Pipeline for Blockages:** Look for any signs of debris or blockages in the pipeline that might be restricting milk flow. If found, clean the affected sections to restore proper flow.

3. **Review Air Accumulation:** Inspect for air pockets and ensure the de-aerator is functioning correctly to prevent air interference with the flow rate.

4. **Verify Sensors:** Check if the flow sensors are accurate by comparing their readings with manual measurements. Calibrate or replace any faulty sensors as needed.

5. **Assess Pump Performance:** Ensure that pumps are operating at optimal pressure levels and functioning correctly to maintain adequate flow.

6. **Evaluate Milk Temperature:** Adjust heating systems if necessary to keep milk within the ideal temperature range, preventing thickening that could impede flow.

7. **Review Maintenance Logs:** Investigate any recent maintenance activities or changes in the system that might have contributed to the deviation.

If these steps do not resolve the issue, contact specialized teams for further investigation and support.",2025.04.04_10:53:03
Process temperature,  Pasteurizer holding temperature dropped to 70°C for 2 minutes (required: ≥72°C for 15 seconds).,temp_low,"

**Corrective Actions for Pasteurizer Temperature Deviation**

1. **Immediate Equipment Check and Calibration:**
   - Inspect the pasteurizer to identify any mechanical issues such as malfunctioning thermostats or heaters.
   - Recalibrate the thermostat to ensure accurate temperature readings and control.

2. **Segregation of Affected Product:**
   - Segregate all milk batches exposed during the temperature drop for further evaluation or disposal, ensuring product safety.

**Preventive Measures:**

1. **Enhanced Maintenance Schedule:**
   - Implement a regular maintenance program focusing on pasteurizer inspection and cleaning to prevent scaling and blockages.
   
2. **Operator Training:**
   - Conduct training sessions emphasizing the importance of temperature control and emergency response procedures.

3. **Installation of Monitoring Systems:**
   - Install alarms for temperature deviations below 72°C and consider a backup heating system for redundancy.

4. **Process Review and Optimization:**
   - Evaluate milk flow rates into the pasteurizer to optimize efficiency and prevent overburdening.

5. **Documentation and Continuous Improvement:**
   - Document this incident with details on cause, resolution, and preventive measures to inform future process improvements.

These steps aim to resolve the current issue and establish a robust framework to prevent similar occurrences, ensuring consistent product quality and safety.",2025.04.04_10:54:06
Process temperature,"Pasteurizer temperature spiked to 82°C for 5 minutes (target: 72–75°C).
",temp_high,"

To address the temperature spike in the pasteurizer, follow these steps:

1. **Adjust Temperature Settings**: Immediately check and adjust the pasteurizer's controls to bring the temperature back within the 72–75°C range.

2. **Inspect Equipment**: Thoroughly examine sensors, control systems, and mechanical components for malfunctions or calibration issues.

3. **Verify Milk Quality**: Assess any milk processed during the spike; discard batches that may have been affected to ensure product safety and quality.

4. **Review Training**: Ensure all operators are trained on proper procedures and safety protocols to prevent future deviations.

5. **Implement Maintenance Schedule**: Establish routine checks for the pasteurizer system to maintain consistent performance and avoid recurrence of temperature spikes.

These actions will help correct the deviation and enhance overall process reliability.",2025.04.04_10:54:58
Bacteria count,"Finished milk batch showed TVC of 85,000 CFU/mL. (limit: ≤50,000 CFU/mL).",bacteria,"

To address the high Total Viable Count (TVC) of 85,000 CFU/mL in the milk batch, which exceeds the safe limit of ≤50,000 CFU/mL, the following corrective actions are recommended:

1. **Review and Optimize Pasteurization Parameters:**
   - Ensure that pasteurization temperatures and times meet industry standards to effectively eliminate bacteria. Adjust these parameters if necessary to guarantee complete bacterial inactivation.

2. **Inspect and Sanitize Equipment:**
   - Thoroughly inspect machinery for leaks or wear, which could introduce contaminants. Clean and sanitize all equipment to prevent cross-contamination during processing.

3. **Enhance Cleaning Protocols:**
   - Review and reinforce cleaning schedules and procedures to ensure all surfaces are effectively sanitized, reducing the risk of bacterial growth.

4. **Assess Raw Milk Quality:**
   - Test incoming raw milk for TVC to identify any initial contamination issues that could impact final product quality despite pasteurization.

5. **Staff Training on Hygiene Practices:**
   - Provide training sessions to emphasize proper hygiene and handling procedures, minimizing human error as a source of contamination.

6. **Increase Monitoring Frequency:**
   - Implement more frequent checks on equipment efficiency, temperature controls, and cleaning schedules to promptly identify and rectify any issues.

By systematically addressing these areas, the milk processing facility can reduce TVC levels to acceptable limits, ensuring product safety and quality.",2025.04.04_10:55:34
Bacteria count,UHT milk showed aerobic plate count of 10 CFU/mL (spec: 0 CFU/mL for UHT).,bacteria_aerobic,"

To address the aerobic plate count deviation in UHT milk, the following corrective actions are recommended:

1. **Equipment Inspection**: Conduct a thorough inspection of the entire production line for any leaks, worn parts, or areas where contamination could occur. Replace or repair any faulty components to prevent future microbial ingress.

2. **Sanitization and Hygiene Review**: Perform a comprehensive cleaning and sanitization of all equipment involved in the UHT process. Ensure operators adhere strictly to hygiene protocols before starting production to eliminate any potential sources of contamination.

3. **UHT Process Verification**: Recalibrate sensors and verify that the milk is being heated to the correct temperature for the appropriate duration during UHT processing. This ensures complete sterilization, preventing microbial survival.

4. **Operator Training**: Review and reinforce training on proper procedures to ensure all staff follow best practices in sanitation and equipment use.

These steps will help identify and rectify the root cause of contamination, ensuring product quality and safety.",2025.04.04_10:56:28
Protein content,Milk protein content measured too low at 2.8% (target: 3.3% ± 0.1%).,protein_low,"

To address the low milk protein content issue, we propose the following structured approach:

1. **Source and Storage Verification:**
   - Confirm that the milk sources are consistent with expected protein levels.
   - Inspect storage conditions to ensure no protein degradation due to improper handling or storage times.

2. **Pasteurization Optimization:**
   - Review pasteurization settings, considering adjustments in temperature or duration to minimize protein denaturation.

3. **Process Dilution Check:**
   - Examine the blending and mixing processes to ensure there is no unintended dilution with water or other ingredients.

4. **Instrument Calibration:**
   - Conduct a calibration check on all equipment used for measuring protein levels to confirm accurate readings.

By systematically addressing these areas, we aim to identify the root cause and implement corrective measures to restore protein content within target specifications.",2025.04.04_10:57:19
Protein content,Standard milk showed protein content of 4.2% (target: 3.3% ± 0.1%).,protein_low,"

To address the high protein content in standard milk (4.2% vs. target 3.3% ± 0.1%), the following corrective actions are recommended:

1. **Adjust Raw Material Sourcing or Blending**: Review and adjust the blend of milk sources to include more lower-protein milk, ensuring the overall protein level meets the target.

2. **Review Processing Parameters**: Check evaporation and processing settings to ensure they're correctly adjusted, preventing unintended concentration of proteins.

Implementing these steps should help correct the deviation effectively.",2025.04.04_10:58:00
